tc,isim,sifre,maas,kira,fatura,aidat,ev,araba
3975088001,Merrily Giordano,7324,$13129.58,$4146.92,$530.72,$356.28,,true
2777289433,Stesha Wade,57,$14775.03,,$263.04,$142.34,false,true
0738131237,Abby McVey,75773,$14580.56,$4662.50,$419.50,$117.63,true,false
0463376021,Ellsworth Yair,3639,$12511.53,$3490.37,$411.79,$109.07,true,true
0221981519,Melody Aronstein,04223,$14937.78,$1995.21,$256.00,$237.16,,false
5780126925,Jessee Baldini,18,$4762.13,$3018.04,$334.03,$255.48,,true
5825010688,Amalle Robens,620,$9612.99,,$368.62,$158.57,false,false
9424115679,Foss Narrie,622,$12581.64,$2431.36,$515.53,$91.21,,false
3876520533,Lyssa Pattini,16942,$13364.41,,$337.43,$188.68,,false
2101934396,Lindsay Tulip,3,$8836.92,$1983.16,$553.73,$340.84,false,false
7112287081,Ambur Wight,431,$9591.53,,$256.86,$134.15,,false
8499529933,Micaela Crookshank,893,$13024.43,$3750.42,$455.35,$194.28,,true
0585358737,Garrik Kerbey,73425,$7251.37,,$471.99,$269.96,false,false
9607379721,Jack Kellington,6,$14303.04,$3904.20,$201.57,$48.38,,false
7466745245,Lucho Benediktovich,781,$7336.22,,$277.07,$389.41,true,true
2716694702,Reena Laminman,093,$6543.54,,$311.00,$184.54,,true
8287403901,Kinny Sabban,37,$13610.93,$923.07,$340.13,$32.64,false,true
4363462000,Darell Brumby,88,$7032.80,$1975.87,$562.03,$83.70,,false
8876214925,Corrianne Busk,164,$9961.24,$1095.09,$429.02,$72.78,true,true
1852447869,Jeremiah Taffie,678,$6606.64,$3314.85,$518.37,$379.29,,false
1184270163,Haywood Coucha,0288,$7094.13,$3671.18,$214.12,$135.01,false,false
7182050668,Mordecai Brabbs,92,$3367.05,$2560.20,$446.94,$193.85,,false
7668267522,Whitney Dresse,120,$5511.31,$1813.74,$578.51,$73.34,,true
5306509533,Kenn Bubear,86,$13782.58,$3396.47,$502.39,$166.69,,false
7637016781,Gabriello Auchterlonie,75899,$5951.36,$3460.89,$160.48,$343.58,true,true
5843102335,Deidre Wigfield,4,$3840.12,$3395.66,$220.81,$333.21,,false
6375614899,Querida Dundridge,7,$13426.88,$4569.29,$197.40,$193.85,,true
2057615251,Jo Amori,2743,$12101.42,,$317.21,$296.17,,false
5617546740,Clare Skettles,2912,$9644.34,$4857.54,$224.63,$33.95,false,false
3245674821,Reeva Sommerland,7217,$13758.50,$4289.59,$162.64,$79.09,,false
0022928014,Blithe Bessett,4,$10844.50,$4074.15,$458.23,$52.29,,true
3292052246,Una Chesson,1,$11678.37,$4517.19,$558.29,$81.68,true,true
2292427680,Baird Mose,695,$8124.81,$1535.61,$571.03,$304.71,,false
4966660394,Sherwynd Garrat,507,$4544.19,$1658.83,$437.25,$178.33,,false
9919460907,Lu Dobbing,1,$13880.05,$2258.84,$359.93,$363.77,false,true
1989277055,Clement Krinks,22,$14833.95,$1353.18,$512.17,$167.57,true,true
5902876710,Frans Camblin,28184,$8244.45,,$416.51,$372.77,true,true
5930926522,Lucienne Perkin,3806,$7563.63,$4442.56,$566.15,$133.06,,false
1514721805,Gearalt Barthropp,5725,$12563.62,$2856.66,$524.99,$184.58,,true
1984494880,Karlens Pedican,4,$9536.49,$1542.40,$220.24,$40.81,,false
3788849320,Phylis Cowdroy,672,$13431.58,$935.29,$463.73,$155.84,,true
1095448498,Bearnard Geldart,74904,$10611.43,$3126.66,$411.12,$172.56,,false
1085176355,Staci Cristofori,41,$8025.37,$2812.90,$240.78,$239.54,,true
8496377814,Hyatt Monk,889,$14975.30,$727.03,$308.55,$293.93,,true
3062108118,Mommy Lascelles,45,$10223.97,$4947.18,$182.03,$86.68,,false
0229392741,Eward Veevers,74631,$10671.02,$2840.41,$580.62,$198.12,true,true
5050643066,Travis Tombleson,06220,$5046.73,$1525.17,$209.25,$45.55,true,true
1508891524,Torie Enrigo,42,$7744.57,$1849.38,$361.43,$124.86,,false
6237079505,Shandy Vanetti,59133,$7734.24,$3946.69,$552.19,$83.60,,false
5153544117,Sybille Linggood,46,$13738.02,,$305.22,$111.42,,true
1001831403,Alyosha Bondy,939,$11218.85,$4071.58,$196.07,$163.84,,true
8758261206,Talbot Roswarn,2,$11690.80,$1205.92,$305.12,$298.64,,true
3406382940,Sibley Colcutt,00941,$6223.67,$4110.53,$548.42,$278.96,,true
2663593370,Darci Burcher,0,$10432.15,,$210.73,$215.86,true,false
3568983885,Shadow Fedorchenko,217,$11900.70,$1879.97,$150.50,$349.65,,true
3300252830,Hyacintha Mendes,395,$8155.88,$2652.63,$283.26,$107.33,,false
6382526533,Mala Jandourek,071,$3964.50,,$330.89,$69.52,,true
5246106373,Adelice Chattington,20,$3640.00,,$220.40,$371.52,,true
2554137439,Ingra Siveyer,45,$12999.98,,$163.26,$39.51,,false
1050705319,Isis Syddon,98177,$4538.07,$1422.52,$191.48,$234.43,,true
8668179993,Chic Quidenham,1,$8310.82,$1787.36,$189.62,$131.51,false,false
3957682517,Ban Greeve,9,$7094.19,$2200.06,$191.82,$157.52,,true
4306300048,Trudie Wilshin,72,$4523.87,$1308.46,$206.56,$132.06,,false
1680611585,Harri Gianulli,9,$6788.79,$2209.77,$295.07,$281.69,,false
6519824208,Brande Bourthoumieux,4822,$7833.27,,$381.45,$345.15,,true
4167278324,Elnore Heaphy,4610,$13862.82,$4132.36,$420.10,$96.99,,true
8116521608,Shirlene Kiehne,92,$10612.38,,$171.24,$71.90,,true
5798376699,Brannon Pritchitt,293,$4440.97,$4707.29,$444.35,$154.85,,true
7341379057,Sarette Bannell,945,$6973.41,$4362.22,$487.64,$151.00,,true
9028744509,Jonathan Hazlegrove,48,$13087.89,$3848.04,$249.76,$271.47,,false
7942328503,Viv Saul,5,$9014.36,$3042.62,$414.13,$386.00,,false
8137653996,Lela Kyte,61,$6421.93,,$590.97,$34.89,true,true
1716634571,Georgianne Kendal,31595,$9758.82,$2313.85,$548.26,$62.67,,true
1327701154,Keane Jozefowicz,123,$8247.29,$926.65,$227.18,$372.40,,true
3511123623,Mimi Longhurst,756,$5936.52,$4767.40,$592.48,$91.07,,false
3559322774,Sherry Autin,6539,$3273.01,$3917.99,$183.05,$171.86,false,true
3413912887,Reinaldo Stoeckle,08015,$11003.16,$3336.94,$487.79,$136.43,,true
1818454971,Karena Danaher,7,$9044.87,$4050.89,$520.85,$45.85,false,false
3993052277,Sharity Mussared,7376,$12345.83,$2076.13,$297.57,$246.34,,false
0473267705,Adams Ribou,2,$5782.18,$3719.27,$330.49,$314.82,false,false
4811727045,Lidia Jurisch,5,$11889.40,$3995.89,$171.73,$219.74,,true
0966561325,Eden Joslow,86661,$10691.10,$722.16,$224.38,$307.42,,true
7841919484,Astrid Olivelli,037,$9019.22,$3712.96,$392.79,$252.69,,false
1434323773,Matthieu Matfield,16,$3417.05,$2240.53,$332.23,$195.29,,true
5550294095,Antoinette Kesterton,490,$14470.65,$4668.26,$433.94,$191.34,,true
3226039318,Serena Willmore,01477,$10014.23,$3158.07,$539.91,$270.32,false,true
3182639226,Terese Melly,661,$11192.74,,$341.28,$145.34,true,false
8103007064,Jarib Vedenichev,5817,$11024.86,$2318.71,$333.17,$355.29,,false
0463598431,Fernandina Elis,32,$10611.17,$1503.00,$419.27,$312.62,,true
9920827029,Amalle Steinham,2,$7524.99,$1933.13,$506.24,$277.15,false,false
6108930411,Alena Sleigh,9,$12776.78,$1719.04,$156.17,$394.59,,false
1213773199,Sanford Harnes,5,$13389.75,$3863.06,$256.24,$201.07,,false
6203295957,Rutter Sondland,2410,$4097.77,$2158.04,$517.87,$171.16,,true
7314535310,Arte Cordet,757,$7743.19,$5000.00,$272.38,$70.03,,true
6102172124,Kelcy Rogge,87,$10541.28,$801.31,$515.42,$175.33,,true
1681313324,Allard Sheed,075,$4229.22,$4444.19,$240.99,$214.64,,true
7138227442,Klaus Hatto,67809,$11618.14,$4619.35,$346.58,$256.52,,false
0964361094,Cherrita Serrels,871,$9780.68,,$312.99,$228.95,,true
9011342151,Aigneis Cawthron,8874,$12682.50,$1570.73,$573.98,$382.18,true,false
7461845349,Imogen Goodburn,67256,$9325.72,$718.42,$266.63,$379.86,,false
9895062095,Daffy Bazylets,754,$6952.89,,$229.34,$74.39,,true
6301833392,Griffie De Dei,910,$4696.27,$4130.56,$428.55,$130.65,,true
8139026263,Chandler Worlock,945,$14926.08,$3417.11,$391.22,$20.23,,false
5212716985,Concordia Renals,58,$6143.14,,$235.01,$305.91,true,true
1152354272,Shirlee Houlridge,1,$12200.99,$4948.65,$569.65,$341.30,,true
2092497480,Editha Cogan,964,$10097.90,$1254.35,$358.38,$73.85,,false
9338414892,Carolyne Fittes,6,$3871.71,$1308.42,$175.83,$207.33,,false
7842398879,Far Grayham,88,$9226.64,$666.23,$536.94,$199.31,,false
9472386857,Fredrika Workman,5034,$6402.55,$4574.82,$368.49,$152.26,false,true
9260823897,Lilian Stuffins,18303,$5898.29,$3093.95,$157.04,$161.35,,true
4726676903,Vyky Kalisch,182,$8125.61,$1034.20,$477.50,$200.24,true,false
7053251101,Fred Woods,3,$9163.32,,$318.43,$397.76,true,true
0077545990,Serene Maunder,033,$5043.36,$1983.14,$394.19,$270.56,,true
2539110827,Christy Golds,30248,$12807.32,$4759.98,$426.92,$250.35,true,false
5675867554,Reba Stebbing,8,$11152.78,$1128.74,$183.71,$184.40,,false
1274950546,Alethea Mougeot,102,$4216.18,$2632.68,$328.74,$86.42,,true
8429011390,Carlina Balch,7,$14718.07,$4683.79,$203.87,$315.53,,false
7822963015,Tabor St. Clair,0,$3120.39,$2757.68,$496.02,$251.97,,true
5384628960,Nilson Greathead,38112,$11691.71,$2281.49,$417.93,$173.29,,false
1942141599,Cass Southcott,24,$14558.70,$3443.70,$363.76,$147.25,,true
8616379231,Alleyn Heistermann,81346,$8863.86,,$333.33,$378.44,,false
9235559871,Andrew O'Reagan,8119,$11068.02,$4219.66,$251.65,$331.92,,false
0313331642,Abba Doers,0,$13109.73,$2882.90,$234.81,$20.97,,false
3787801332,Elly Kemmey,134,$13493.14,$2456.41,$577.37,$374.46,,true
4572757224,Edwin Scarborough,4,$13325.40,$1993.46,$160.46,$89.10,,false
2206214741,Cynthy Werendell,45786,$12191.98,$2067.55,$388.67,$379.32,,true
3669437827,Elsinore Royal,69972,$11262.48,$668.68,$316.20,$122.73,,false
3803949505,Lewes Kyrkeman,26901,$5413.44,$3913.60,$569.07,$193.01,,false
9892188470,Emmeline Langley,1,$3732.58,$2631.76,$258.22,$147.81,,true
1037406214,Ricki Kilminster,17205,$8403.33,$1142.98,$263.30,$66.50,false,false
2588511252,Koral Matousek,5457,$14232.68,$3947.12,$422.75,$227.62,,false
6758395952,Neille Ruslen,05888,$9066.55,$4679.42,$194.39,$274.02,,false
4097001477,Lu Oxborough,5534,$12740.40,$751.75,$185.48,$126.15,false,true
7718198979,Bettine Bow,8,$12495.09,$1426.51,$431.13,$44.75,true,true
3604848121,Marci Tilly,7,$12051.15,$2850.53,$336.35,$263.06,,true
4349003797,Mike Priel,93,$7727.81,$1352.30,$509.65,$232.22,,false
0215220390,Yasmeen Lilliman,1137,$13107.26,$2411.39,$244.74,$308.97,,false
9629903091,Jacquette Colls,55,$10086.39,$3663.10,$491.71,$242.97,,true
1459874293,Sibyl Rice,2204,$12609.02,$3353.07,$276.04,$61.28,false,true
2107353042,Nanice Aucock,2842,$8485.28,$2925.11,$274.81,$114.96,,true
8421626655,Selestina Torrent,18,$11045.04,$967.31,$233.98,$165.72,true,true
7819336757,Jabez Jewel,79222,$3538.26,$4223.64,$581.77,$162.92,,false
7302742006,Ashla Slewcock,30836,$8850.91,$4412.75,$535.08,$42.44,,true
1947040928,Estrella Thonason,55957,$4389.68,$3553.70,$531.56,$269.90,true,false
7606897425,Myrlene Capun,15,$5709.33,$4484.55,$329.69,$341.36,false,true
9316154413,Ingunna Hallin,069,$13232.62,$4799.95,$455.45,$222.26,false,true
7438289427,Lindsey Adamovich,75860,$9560.23,$2023.78,$310.06,$96.63,,true
3968031997,Hurley Nesbitt,8,$7834.19,$4288.56,$193.35,$328.68,true,false
1513285424,Jude Newcomen,6872,$9917.55,,$574.20,$153.64,,false
2802706926,Caldwell Tschersich,767,$9997.65,$1437.20,$445.80,$165.65,true,true
1759521280,Garek Leather,6,$14956.31,$2503.71,$336.97,$206.66,false,true
2080857975,Ivie Monument,13307,$3092.18,$4564.79,$275.80,$127.99,,false
3575372799,Brit McGregor,64611,$8533.35,$2558.30,$359.74,$280.59,,true
0494921366,Tamarra Tebbet,12182,$10979.80,$1486.19,$164.24,$247.24,,true
7668524231,Meaghan Harcus,8798,$10839.10,$4493.34,$582.19,$323.14,true,true
7153578145,Jeanna de Broke,2,$9622.52,$4706.82,$405.08,$223.28,,true
3074524049,Cleopatra Smeed,62988,$10142.02,,$261.17,$391.06,,false
3351843739,Ollie Wabersinke,80,$10135.03,$972.72,$364.83,$101.05,,false
0631564659,Martguerita Jupp,44,$8613.48,,$585.22,$22.01,,true
6175231112,Loise Menlow,6,$9115.61,$4635.71,$176.59,$126.22,false,true
8519032834,Feliza Hundey,299,$3559.38,$3591.51,$235.56,$101.58,false,false
5574820900,Wilbur Halworth,54,$4768.80,,$375.58,$252.41,,true
5884444311,Rabbi Chomicki,5,$14009.61,$1144.38,$502.56,$169.14,,false
2197894242,Robers Rodge,45875,$13096.95,$2938.54,$346.73,$95.47,,true
5872060068,Parker Prozescky,79787,$12119.53,,$463.50,$142.86,,false
0091407494,Katina Dowrey,61862,$9338.02,$1090.69,$540.32,$70.05,true,false
4120982777,Carita Braybrooke,63700,$5290.19,$1138.72,$433.91,$382.63,,false
6459247811,Chelsy Gladdish,068,$7895.48,$4555.29,$268.91,$343.69,true,false
7627576121,Artus Uttermare,88808,$10073.75,$2172.75,$447.05,$328.73,,false
1758871024,Colan Fawthorpe,512,$8050.18,$4158.25,$339.94,$368.79,,false
0998938939,Alexandr Krishtopaittis,08239,$4773.43,$4979.40,$436.29,$172.36,,true
0708569919,Euell Pigny,960,$3706.85,,$537.71,$235.97,,false
1966336659,Wilma Bucher,72,$13870.52,,$405.87,$283.75,,true
2598055322,Hulda Halesworth,6,$11942.14,$1633.14,$285.01,$188.08,,true
1405376449,Alex Kellick,23740,$9451.67,$1269.09,$168.41,$254.29,,true
4655936665,Bettine L'Hommee,52263,$11283.76,,$249.70,$277.89,,false
2960167325,Fulton Wellard,296,$7304.32,$1954.21,$387.77,$201.77,true,true
1872405096,Delainey O'Kerin,1963,$6573.20,$4981.49,$217.12,$178.40,,true
1300300051,Constance Morston,1,$13570.74,$4300.61,$346.91,$300.41,true,false
2260851061,Imogene MacConnechie,82,$10848.34,,$179.08,$22.07,,true
9696606923,Shannon Jeens,5,$11246.07,$4363.44,$437.91,$208.77,,true
3183193345,Ina Chittock,5,$6230.79,$4529.31,$593.82,$152.95,,true
5466672114,Betta Stilgoe,43808,$13643.00,$2766.75,$355.92,$106.03,,false
2808677359,Bryan Duffus,48,$4794.21,,$194.93,$71.29,true,true
8406224452,Rozanna Rae,47973,$4923.34,$1876.23,$180.13,$232.97,true,true
3405087066,Moselle MacNamara,9,$12959.72,,$459.81,$289.52,false,true
3053661071,Carlin Simmonett,2,$13134.94,$3634.80,$539.94,$362.47,,true
4362779140,Sheena Rutherforth,79,$8857.20,$3848.17,$190.30,$202.78,,false
8614327005,Mattheus Proswell,1498,$6830.15,$1106.47,$432.45,$193.37,false,false
5652308095,Forster Ruffy,25,$7480.25,,$318.84,$32.17,false,false
4191161075,Idalina Ropert,91,$10411.07,$2069.04,$227.91,$356.72,,true
5959770733,Josias Hush,3,$7076.06,$1739.66,$402.77,$146.79,,true
4739355361,Eadie Eckford,58,$11719.38,$3801.98,$543.99,$217.28,,true
7428895243,Hugues Pargeter,07,$14010.77,$1154.58,$557.73,$266.61,,true
6907181800,Parry Krishtopaittis,84347,$10147.63,,$218.74,$105.76,false,true
9212519407,Jourdain Shurmer,791,$13720.13,$4192.50,$506.64,$235.01,,false
9552502489,Kristel Seeborne,65,$7308.25,,$433.85,$381.02,,true
3158522373,Vivyanne Vanyatin,46,$4188.13,$2936.36,$169.39,$68.27,,false
8676937605,Harp Cowap,70336,$7165.12,,$552.42,$75.94,,true
1555166857,Ives Scorthorne,32,$13909.21,$1969.36,$321.77,$124.37,,true
4555418271,Kelila Smewin,4,$13353.23,$1521.58,$481.49,$394.79,,false
5378686628,Sandie Seabright,0,$11162.81,$4620.23,$458.90,$253.59,,true
7131472212,Guss De Rechter,787,$9049.73,$4732.53,$152.90,$249.76,true,false
6248948283,Jeniffer Klainer,3226,$9902.46,$1134.68,$537.30,$290.74,,false
5511376752,Gardie Abrahams,64,$12801.36,$1811.52,$335.70,$74.69,true,true
9509845485,Adrea Tichner,51428,$11183.53,,$178.58,$123.41,,false
7067513006,Kaylee Hallum,168,$9225.88,$4957.47,$484.53,$214.50,false,false
4601609003,Feodora Goggey,54,$8649.35,$4965.25,$289.91,$292.43,true,false
4454825017,Stanislaw Paolo,32597,$6283.36,$2418.40,$247.91,$141.22,true,false
6356045825,Corri Weald,94377,$3063.74,,$203.67,$152.75,,true
4253817378,Raphael Fabler,4,$6910.52,$3402.05,$445.72,$192.67,,true
0239866991,Veda Benjamin,6002,$7069.81,$1853.26,$561.69,$343.97,,false
3443610331,Arther Chimenti,6,$6569.86,$4284.47,$553.00,$312.96,,false
2797528093,Leonie Shillitoe,452,$13735.59,$4291.51,$452.71,$114.88,false,true
8976011791,Carrol Agutter,9,$3529.13,$3338.38,$249.44,$80.06,,true
0775762334,Cyril Scrannage,754,$11392.07,$1125.16,$465.54,$224.20,true,false
6470863604,Kriste Kiln,23807,$6305.02,$2257.18,$353.00,$71.94,,false
3311963881,Raf Pentin,89,$13038.17,$1112.69,$188.80,$106.71,,false
3669262997,Hermy Ferrone,90,$10580.76,$3487.91,$346.79,$132.78,,false
8404305137,Jessee Dimblebee,82,$8401.94,$3371.99,$559.98,$81.69,,false
8760762969,Bette-ann Mariel,3526,$4412.82,$4860.96,$289.57,$293.63,false,false
1025993144,Dorris Spavins,9,$5836.63,$3457.34,$490.82,$242.25,,true
4585797963,Fonsie Greedy,90216,$14271.89,,$208.79,$59.44,true,true
3614782654,Andrea McGilroy,57,$14030.58,,$401.76,$36.05,,true
4333239281,Fin Poore,05,$10649.49,$836.39,$292.67,$218.70,true,false
9878230252,Ysabel Dyers,5,$6709.95,$2701.82,$434.75,$164.58,,false
0741811278,Cody Bolver,09,$12750.67,,$548.47,$348.84,false,false
7898899830,Flinn Westhead,9,$3755.57,$2381.92,$344.55,$53.33,,true
7598502994,Juieta Cubberley,14652,$4561.57,$1190.23,$511.56,$154.71,true,false
1520663463,April Lamberton,74,$8119.15,,$176.12,$157.19,,true
6193088237,Adlai Piwall,51469,$6573.77,$1406.34,$303.18,$184.52,,true
6793938290,Wandis O'Luby,77,$8488.22,$4493.25,$494.40,$115.33,,true
2521311294,Klara Mowson,74,$8254.32,$2194.13,$538.87,$152.20,,true
6324978923,Durant Kording,048,$7999.24,$4716.55,$353.10,$282.49,false,true
8768078943,Christiana Kerrey,641,$10360.28,$4181.39,$408.41,$240.92,,false
3816654932,Feliks Linggard,6,$3264.09,$3620.66,$531.48,$86.40,,true
1441738509,Rayna Keay,129,$8140.25,$4935.30,$257.82,$20.90,,true
1512078557,Betti Burnip,3383,$12433.25,$3880.26,$290.15,$349.04,false,false
1907076964,Weber Germaine,7724,$9620.57,$3269.74,$295.77,$355.83,false,true
2427234028,Myrtle Snashall,9,$14004.60,,$278.78,$306.38,false,false
8828107995,Billie Ortsmann,72912,$5262.36,$1314.17,$453.55,$70.58,,true
0048032131,Alameda Bottrell,100,$9534.72,$3675.75,$411.38,$85.66,,false
1022177664,Mignon Corstorphine,27890,$5871.59,$2810.77,$517.24,$59.62,,true
6507197092,Rollie Matysik,586,$13777.19,$2301.32,$382.62,$121.62,false,false
1453654275,Vanna Trevallion,9439,$3660.93,$4001.69,$579.83,$64.08,,true
7781930894,Emilio Edgar,607,$7398.78,$4743.56,$302.69,$254.38,,true
5688869607,Kirsti Mutter,908,$6930.44,$3615.30,$253.93,$268.18,true,false
9485109512,Gherardo Clail,7,$6650.01,$1435.76,$507.31,$170.15,,false
0111501237,Arney Loveridge,1392,$9421.85,,$526.14,$231.18,true,false
2961421454,Elmo Currao,538,$10815.57,,$359.14,$256.63,,true
3533979547,Lenna Stanbro,4,$9503.52,$1771.81,$235.06,$323.95,,true
1649222572,Christan Bote,642,$6163.24,,$267.09,$305.50,false,false
6365991460,Oswell Seeger,508,$6631.90,$2554.73,$365.96,$87.93,,false
7133720930,Erinna Reide,5,$11514.59,,$468.63,$343.92,true,true
7638877837,Gibby Freyn,710,$14791.81,,$159.30,$314.76,false,true
5094536567,Luciano Scammonden,117,$9284.22,$2048.40,$462.16,$25.54,,true
9276470506,Alisun Frere,73500,$10734.22,,$219.85,$45.78,,false
8520007015,Auroora Blackeby,6,$4756.64,$1874.48,$350.13,$124.65,,false
2238866469,Mareah Glassard,1,$6298.12,$1915.33,$394.12,$90.52,,true
5423595282,Hollyanne McCaskill,679,$13848.79,$1976.43,$527.01,$73.25,,false
4088513606,Elvira Sagar,266,$4919.26,,$544.35,$36.12,,false
1680444735,Margareta Kilgrew,03237,$10234.14,$1254.84,$372.96,$222.31,,true
4237434869,Wynn Neubigin,50381,$9466.14,$3499.73,$407.03,$39.80,false,false
7207225687,Kilian Melhuish,128,$6626.87,$4392.35,$503.66,$276.30,,true
5997184692,Sigismund Clearley,39,$8667.86,,$320.52,$242.69,,true
0456320369,Pincas Douce,8671,$5785.77,$1209.14,$352.34,$172.23,false,true
6832466285,Linn Gyles,36814,$11620.54,,$454.41,$179.26,false,false
2675413224,Shellysheldon Corcut,364,$3207.60,$4115.67,$348.65,$186.56,,true
0527067121,Radcliffe Croom,719,$9456.44,$3487.74,$237.00,$33.24,,true
1066330220,Cassie Bassil,8,$11794.63,$3363.19,$214.97,$366.46,,false
7215351440,Lorne Iacivelli,99,$8096.47,,$558.33,$186.31,,true
7271949704,Jodie McLinden,5674,$11630.71,$3487.35,$455.46,$202.76,,false
3611969605,Jermain Pretsell,1,$3432.23,$826.06,$285.88,$21.91,false,true
4357522927,Ethel Mochar,3,$12335.20,$3820.23,$348.87,$307.62,,false
3806250936,Tricia Crawshaw,1655,$11530.75,$2923.90,$437.06,$224.53,,false
8410165171,Ronny McComb,3,$7253.97,$4729.78,$214.27,$131.98,true,true
9329125794,Francois Tortice,02,$5014.68,,$459.51,$115.22,,true
2860413715,Latrina Farnish,948,$10170.68,$773.23,$560.41,$200.50,,true
0078879906,Lishe Lamminam,57,$13016.09,$4178.12,$180.16,$315.67,true,false
4931001955,Fleurette Hitschke,85,$12460.01,,$459.18,$315.60,false,true
5741255086,Stearne Fishly,86,$4472.99,$3301.70,$287.80,$81.41,true,false
2910421635,Erasmus Bompass,234,$5607.23,$1410.79,$158.43,$29.09,,false
5446322924,Rosy Cardis,1,$5479.67,,$572.88,$140.76,false,false
2042221066,Fayette Whitmell,86,$7148.41,$2648.39,$360.80,$238.15,,false
5490514256,Rutger Stickney,4292,$13091.38,,$565.81,$293.69,false,true
2616594927,Camellia O'Dunniom,22070,$7207.87,$1682.51,$536.39,$330.83,true,true
7965331403,Kermy Sperry,19,$3702.08,,$324.18,$67.08,,true
4994665184,Cayla Swindells,1,$12136.35,$1688.83,$472.81,$209.75,true,true
9226281173,Cristionna Lumbers,542,$6366.43,$4543.40,$355.15,$266.92,,false
1382120818,Olia Cocher,1773,$10404.59,,$348.48,$178.01,,false
3567075721,Jonathan Loudian,96,$3203.74,,$436.06,$177.19,,true
0490507794,Barri Adamowitz,6,$5855.56,$4032.64,$363.92,$312.70,,false
5576941969,Grantham Crowley,47312,$12551.39,,$267.78,$91.52,true,true
0987968661,Hermon Coddington,01391,$10127.71,$3527.01,$161.84,$319.10,,false
1794263861,Erena Yakovliv,47,$7157.52,,$416.34,$351.01,,true
5847289189,Angelika Trudgian,52969,$4317.22,$4868.94,$565.70,$39.03,,true
8132498313,Augusto Tring,1634,$4757.08,$3680.20,$548.78,$21.85,false,true
0933370229,Towney McCabe,15,$4252.08,$924.41,$283.55,$240.26,,false
6970491293,Trueman Emanueli,75838,$8724.92,$4166.35,$596.94,$369.41,false,true
5071830701,Jean Reightley,50651,$11324.85,$2437.28,$364.51,$248.78,,true
9442280716,Jacki Vedenisov,0,$7960.27,,$555.86,$25.42,true,false
2573536262,Hendrika Collumbell,7059,$3903.24,$4344.57,$545.36,$208.49,false,false
1652398848,Ethel Alford,2,$10673.09,$2458.22,$542.83,$24.48,,true
8637774466,Earle Malkin,281,$3222.97,$830.32,$199.49,$334.68,false,true
5821269970,Bernice Niemiec,06,$7511.51,,$575.10,$71.56,,true
1912339447,Gertruda Labbez,90562,$5320.01,$3907.72,$409.91,$103.38,,false
2082901289,Alford Cartmel,21,$6398.72,,$327.54,$183.29,,true
6683881952,Biddie Andreotti,20,$5701.03,$1532.45,$209.27,$182.22,,false
8402535682,Ives Leader,33424,$10959.56,$774.81,$482.44,$277.72,true,true
8434961709,Lib Biggs,611,$6733.04,$4827.52,$469.82,$33.37,,false
1233892665,Bryna Benfell,9602,$14218.90,,$387.91,$217.26,,true
3197446100,Ibrahim Nowakowski,62,$12938.68,,$411.92,$42.18,,true
5961797333,Vanny Ramelet,1119,$12561.83,$4414.75,$151.73,$360.26,,true
4529335097,Buffy Yegorovnin,487,$3278.90,$1872.49,$225.73,$282.66,,false
8259890631,Mendy Cymper,9236,$13793.39,$1289.22,$205.08,$156.19,,false
5112203692,Meryl Cridge,47260,$3789.23,$1424.79,$262.77,$294.66,true,false
0680976671,Berny Farmar,93529,$10379.56,$2058.80,$423.98,$321.85,,true
4548486410,Nari Sivess,57902,$4281.59,$3840.58,$265.98,$125.47,,false
5829349884,Ira Dickey,07,$11871.94,$1431.77,$370.58,$368.75,,false
1594526176,Dorothea Baggett,589,$10253.18,,$313.62,$152.55,,false
1509487417,Adrien Zanneli,59393,$8841.43,,$386.60,$165.90,true,false
7797682720,Arlette Iannelli,52149,$3154.31,$4146.58,$435.12,$24.40,false,true
2596418762,Truda MacWhan,7,$6426.72,$4742.59,$598.89,$72.36,false,false
3628440696,Arda McComas,17110,$3781.87,$3960.24,$517.00,$258.48,,false
0407818642,Jens Jaggar,5,$6207.86,$4688.23,$438.67,$134.08,,true
3052602411,Cindie Harsent,239,$10899.76,$2089.74,$369.13,$120.23,,false
6510857650,Laina Armistead,83,$4746.20,$4852.59,$206.71,$75.51,,false
4323856067,Livvie Vasilkov,0990,$12098.51,$2391.67,$340.97,$165.57,,false
9428857203,Ludvig Boole,7214,$14724.22,$855.96,$298.47,$255.51,,false
0909328471,Townsend Tuckwell,8175,$5816.42,$4048.20,$421.39,$212.36,,false
6833612293,Em Jennions,09990,$12207.37,$1440.01,$246.18,$41.72,,false
3301450830,Adria Cockshott,08,$6486.83,$3210.93,$249.02,$62.38,,false
9088669910,Kaitlin Sustin,310,$3836.00,,$587.29,$92.18,false,true
2181997217,Shane Bulmer,75352,$7967.84,$2310.01,$479.40,$108.62,,false
3667522940,Salomon Hartgill,71,$4793.63,,$301.59,$332.10,,true
7949958677,Hailee Iacovino,80336,$14893.33,,$449.00,$63.06,,false
1525228250,Padget Norman,408,$12418.80,,$509.29,$43.56,,false
0415074428,Bowie Rennox,8319,$3315.61,$1440.79,$504.36,$35.97,false,false
4323715617,Nonnah Kubes,58956,$12781.94,$2955.73,$303.90,$308.31,,false
6720028057,Staffard Rorke,622,$14104.30,,$434.17,$80.58,true,true
2585735923,Brade Belk,24520,$3514.23,$2136.89,$352.91,$119.95,,false
7910798822,Luigi Pope,7,$5653.63,$3198.74,$155.67,$269.41,,true
1772154229,Danette Ockwell,4,$13856.26,$2392.42,$238.71,$31.09,,false
7394677664,Ann-marie Franzel,71655,$14092.71,$3447.66,$481.35,$193.78,,false
2247135331,Jeanelle Chislett,128,$11523.07,$2779.52,$211.21,$183.06,false,true
2217280031,Giordano Rainville,8065,$11297.94,$1942.81,$559.37,$150.56,,true
3272316000,Halsey Laudham,8,$14195.83,,$396.80,$261.08,true,true
6946564499,Doreen Asplin,12,$6503.75,$4981.74,$220.04,$220.95,true,false
9469803523,Orella Waterstone,273,$14772.99,,$154.83,$209.05,false,true
1237108713,Bunny Derle,072,$5106.99,,$335.70,$256.41,false,false
4436432602,Saloma Babbidge,300,$9216.50,$3247.31,$165.05,$50.38,,false
5049178452,Clary Stratiff,0,$12902.34,$2218.26,$515.60,$81.58,,true
8557839731,Antonetta Doughton,385,$8062.34,$2303.80,$296.20,$231.31,false,true
2345508841,Burke Huck,589,$10932.61,$1928.42,$556.61,$371.38,,false
4916289463,Salvador Lelievre,0380,$7650.42,$1865.31,$281.03,$188.29,,false
6203206148,Errick Rikkard,712,$8803.61,$2191.51,$334.97,$106.66,,false
2986353533,Alfy Vescovini,416,$6839.54,,$458.35,$190.33,,true
3829926472,Reilly Depke,9,$5874.13,,$294.04,$258.72,,false
0972166068,Denis Braams,4131,$12524.48,$1784.71,$587.89,$125.30,,false
7766459876,Bourke Queree,934,$14064.64,$3786.02,$576.34,$171.00,false,false
5997362892,Collie Tadlow,361,$8191.00,$4755.93,$321.09,$185.27,,true
9379350163,Lisa Blacksland,6701,$7992.15,$1879.20,$319.36,$240.29,false,false
7215350673,Meta Dyers,8072,$12672.36,,$435.41,$152.68,false,false
9505186851,Selena Willans,04792,$8865.47,,$582.73,$173.73,,false
4186359806,Bone Carpmile,0,$8501.77,$4069.03,$424.03,$270.39,,false
3645796274,Stanfield Kondrat,23,$8580.49,$2896.26,$525.81,$357.32,,false
3888410150,Khalil Noorwood,222,$7780.93,$4312.56,$230.06,$58.39,,false
8019493808,Fallon Gligoraci,353,$10363.22,$742.18,$175.97,$205.38,,true
2789559554,Otha Tchaikovsky,485,$14469.02,,$318.02,$35.87,true,true
1958112984,Dinah Cridland,6,$11548.35,$3158.13,$363.10,$46.39,,false
1717701701,Dominique Derycot,4192,$7840.96,$1958.50,$356.18,$132.72,,false
7584807763,Ladonna Forbes,21574,$12700.09,$2686.97,$449.36,$314.51,,true
9734067176,Pennie Pawlik,6,$7960.97,$4465.92,$545.36,$84.26,true,false
2608558542,Dene Righy,6714,$3131.59,$3143.52,$420.28,$170.69,false,true
2053633174,Carolynn Scarf,77,$3954.46,$3406.15,$174.29,$225.82,false,true
2022096118,Louis Breitler,97,$11383.51,$899.25,$413.01,$65.87,,true
4878128925,Candida Brahms,30,$11631.92,$2582.01,$297.07,$252.05,,false
5151192000,Adrian Wanklyn,2873,$9769.39,,$264.11,$318.60,,false
0281751951,Jolene Soutar,23,$4791.55,$2200.36,$196.89,$96.65,false,true
0469467215,Samuel Engley,44,$11512.57,$2150.27,$495.41,$219.10,,true
0151152683,Carla Gleave,4339,$10212.94,$2729.49,$561.77,$249.93,,false
1041029063,Alexandra Tume,40996,$7720.98,$1525.87,$516.69,$124.57,,false
9017142499,Aubine McGuiney,38,$6231.05,,$260.57,$227.12,,false
6634886970,Dermot Yandle,35,$14411.72,$3025.76,$587.23,$395.45,,true
9354397026,Dickie Hayley,64,$12022.39,$4226.74,$365.64,$77.45,,false
9135235101,Arlin Mabbutt,239,$11571.34,$1701.15,$329.61,$194.37,,false
0394097424,Letizia Dermot,50,$12132.13,$2704.23,$231.05,$134.76,,true
9984406946,Marney Carren,063,$14047.59,$2621.06,$412.01,$269.51,,true
6513156505,Judas MacNelly,35247,$4346.14,$4301.29,$232.50,$204.22,,true
0062659545,Duke Haire,39185,$10195.11,,$540.99,$299.25,false,true
1377186490,Rosalind Lenz,47735,$12510.73,$3708.54,$431.21,$179.46,true,true
4311975481,Lebbie Godart,362,$13032.62,$3540.35,$344.05,$43.83,,false
1392638445,Luce Bernardez,94,$12728.35,,$597.57,$219.53,true,false
2588174450,Yetta Crannage,08,$4726.78,$4535.32,$518.27,$203.28,,false
5759276689,Lock Klasen,56197,$11458.77,$4719.36,$358.53,$367.85,,false
7146362302,Raquel Moquin,0,$11705.21,$4887.40,$496.67,$43.89,false,true
9363986608,Tedie Pinckney,5627,$7909.42,$1859.07,$308.97,$228.54,false,false
0695282352,Jody Bernardotte,26,$8104.70,,$160.81,$88.02,,true
9656871480,Ava Dutchburn,4,$3311.22,$3195.23,$336.35,$248.99,,false
1874638640,Rosalinde McCrossan,0040,$9163.92,$3172.46,$315.46,$225.74,,true
7467826354,Petrina Alfonsetti,1005,$13941.67,$3579.69,$168.57,$323.85,true,true
8200842657,Hansiain Lorkings,11870,$3956.16,,$239.02,$105.91,,true
9206414232,Minette Reveland,1,$6476.94,$2183.63,$591.79,$352.52,true,true
8551904272,Moira Midlar,07543,$10767.49,$4857.99,$555.59,$300.01,true,false
7342114340,Paddy Laurens,873,$4048.80,$1599.34,$502.36,$339.33,false,true
0500396612,Garfield Luna,07883,$5179.44,,$454.46,$68.68,true,true
5988097103,Micheline Shute,380,$11277.89,$2532.68,$165.08,$119.40,,true
2603448528,Cob Pieters,6,$8790.54,$1107.50,$164.16,$321.83,,true
8212100324,Efren Pulham,793,$5425.51,$3343.65,$355.62,$127.02,true,false
2849575135,Modesty Littefair,43378,$11632.77,$1682.33,$297.13,$340.26,,false
0143621963,Enrichetta Luff,4,$14035.13,$2543.31,$302.69,$222.10,true,false
0245667636,Allx Raulston,3,$10637.04,$1197.02,$588.14,$355.54,,true
3297543280,Elsey Costard,81341,$5861.52,$1256.96,$411.74,$47.11,,false
4343214109,Maddy Demeza,3,$9386.12,$3885.52,$187.40,$331.70,false,true
9808504116,Angele Henrionot,5,$5909.25,$3731.68,$306.06,$203.52,,false
5516038642,Fulton Goolden,1402,$10556.17,$1485.19,$599.87,$109.16,,false
7799735198,Robinette Durkin,53120,$13569.53,$2197.09,$509.95,$119.83,,true
7799101199,Faber Batey,7685,$14262.41,,$335.54,$375.97,,false
2459215533,Gustavo Hounsham,282,$4231.25,$1289.20,$398.64,$245.94,,true
9510891215,Lise Galtone,1,$7381.12,$1484.17,$213.37,$124.94,false,true
1968895426,Albert Fireman,87101,$9584.22,$4409.89,$226.88,$151.44,true,true
0862499135,Humberto Ketcher,19782,$6402.74,$1947.37,$501.74,$176.21,,false
7935125309,Germayne Goodhand,6939,$12698.04,$2011.59,$232.46,$374.06,,false
9537647390,Leo Schultheiss,6505,$10277.43,$2210.81,$375.85,$226.42,,true
3248139676,Madelon Burgoyne,4,$10868.82,$3659.69,$256.54,$286.99,false,true
7424590359,Obediah Avramchik,27514,$12925.38,$3596.82,$595.57,$225.88,true,false
6400040234,Aaren MacDonagh,05,$10721.45,$4053.56,$150.69,$228.18,,false
2295450373,Kirbee Clawson,50060,$6507.63,$1930.74,$587.33,$242.51,,true
7021065531,Cheslie Bridle,7,$5000.46,,$545.00,$260.87,false,true
0160285356,Florenza Trench,885,$6653.42,$3580.65,$420.57,$115.81,,false
8128880543,Thomasine Dakers,2862,$6913.04,,$558.16,$298.48,false,false
5168398715,Sheri Pumphreys,52,$8609.45,$4736.76,$174.04,$195.96,true,true
1406435333,Mortie Apedaile,89,$10832.01,$709.33,$282.00,$24.31,,false
8926255395,Wendeline Barttrum,5481,$3026.53,$3925.44,$410.84,$214.93,true,true
0965877469,Ephraim Imbrey,704,$11232.87,,$411.42,$236.15,,false
4475460042,Mischa Bonn,02,$10307.56,$2659.81,$452.38,$186.38,,true
3865865550,Danni Schistl,423,$5795.19,$2386.87,$293.33,$89.75,,true
6664563649,Ardyce Markwell,34499,$14908.52,$3568.76,$429.99,$176.54,,true
9531990344,Petr Bolin,4744,$4575.19,$1290.35,$546.50,$224.30,,false
0038386941,Doy Pegram,414,$10274.99,$3086.50,$506.38,$363.75,true,false
9023208870,Millard Extence,39,$6278.54,$902.11,$364.82,$97.40,false,false
9677021540,Connie Byneth,1287,$4007.65,$4233.64,$312.51,$276.99,false,true
8723069287,Aveline Pavlov,97,$5456.02,$3560.15,$294.46,$230.50,,false
3466016479,Nikoletta Barks,4815,$6194.17,$1884.37,$165.27,$284.09,,false
2869345224,Melita Hansie,418,$5795.68,$3640.30,$561.96,$59.93,,false
4824810957,Ulises Craik,226,$13498.27,,$285.70,$57.96,true,true
5873035334,Fonzie Allmen,355,$4105.94,$4397.19,$492.59,$63.18,false,false
5232569554,Amaleta Konerding,07274,$3592.49,$4090.59,$522.84,$272.38,,false
7681362657,Lavena Bohlens,86925,$14298.44,$3342.84,$314.06,$24.18,,true
4870164639,Paule Sawood,0,$10161.83,$1733.06,$580.47,$280.59,,true
4417984964,Karie Pimblott,6454,$10722.51,$2397.04,$520.77,$135.11,,false
7329914487,Ira Beccles,6,$14919.30,$2117.10,$434.81,$230.23,,true
9313646617,Cob Fowkes,4,$13602.41,$1509.60,$313.84,$183.12,,true
0186977530,Wenonah Ipgrave,49,$8066.25,$3119.13,$213.67,$83.28,,true
1724747762,Ernestus Balcers,0,$5468.63,,$202.20,$236.56,,false
3596777380,Melli Shimman,69377,$8302.55,,$223.44,$43.45,,true
4408620378,Wyatan Phillimore,9747,$5862.50,$2858.40,$465.25,$182.00,,false
9342181414,Lesley Strevens,840,$3311.73,$4159.89,$278.40,$134.40,false,true
1081119365,Clementia Richarson,3,$6859.27,$2723.91,$555.93,$38.84,,true
8849704569,Filippa Whye,61794,$6893.21,$4445.15,$157.33,$255.31,,false
4950448331,Hedwiga Findlow,8,$12240.10,$1320.31,$597.88,$297.02,false,true
4481145080,Tod Waterhous,2471,$10481.79,$1193.32,$209.39,$196.70,false,false
6479238141,Marice Widdowes,3,$9771.20,,$407.77,$222.22,,true
2140488393,Murdoch Collett,99,$5299.96,$3200.18,$281.21,$105.66,,false
7426993310,Boot Biasi,44010,$13898.64,$966.68,$347.34,$367.98,,false
9483261651,Gaile Krienke,45129,$8199.28,$4518.62,$320.28,$45.90,,true
9019853929,Phillip Tunna,2,$6728.10,$1758.45,$183.57,$110.65,true,false
9510965502,Boonie Hannant,25,$4450.42,,$438.91,$34.51,,false
5808528011,Garv Randals,674,$3511.31,$3786.93,$400.62,$24.05,,true
2770842897,Bruis Lowrie,0,$14204.42,$2426.51,$330.90,$243.61,,true
7672921770,Ilyssa Fardy,6697,$6193.25,$2128.09,$258.46,$310.79,,true
3082590144,Katie Cunningham,20491,$9135.56,$4464.96,$541.23,$202.39,,true
8744049730,Dominic Fripp,1,$13061.52,,$514.09,$211.35,,false
0553688316,Lurleen Woollons,7,$11921.99,$2206.37,$490.04,$281.22,,false
5447055385,Bernette Kaes,0,$6746.15,$2341.60,$174.42,$224.43,,false
5338245183,Marcelline Loft,0,$4648.26,$1428.08,$548.70,$180.32,true,true
5923944537,Maynard Morton,6,$12484.69,$2041.69,$229.92,$26.34,true,true
0810870711,Hilton Dearle-Palser,95119,$14169.13,$925.54,$384.15,$183.70,,true
6870169535,Timmy Baumer,6,$11657.27,$4519.44,$174.27,$344.51,,true
8580076005,Roseanne Estabrook,58,$9424.53,$2049.19,$314.57,$238.38,,true
3342948604,Beck Eadon,98866,$6213.20,$2559.18,$170.38,$246.41,,true
5996425262,Camella Olver,67,$9757.45,$3847.89,$301.78,$48.49,,true
2874283819,Lorna Vaux,7,$13812.34,$3158.01,$371.43,$34.33,,true
4384291736,Taffy Feehery,6,$8366.74,$977.77,$565.51,$257.47,,false
8703440109,May McKenna,82525,$13264.54,,$562.97,$131.38,,false
7716705202,Juliet Gillani,12152,$3821.51,$2747.36,$552.65,$281.87,false,true
7738268204,Daphna Oglesbee,839,$12532.84,$3941.08,$483.56,$25.19,true,true
9410748968,Kerrie Revey,67335,$10165.58,$3348.60,$196.34,$105.39,,false
3086301775,Electra Creigan,7746,$7179.49,$1093.14,$561.59,$315.68,,true
5348293431,Marla St Angel,53,$13584.41,$1952.75,$433.56,$48.73,false,true
2265134996,Arturo Swigg,8,$9041.45,,$541.07,$217.35,,false
4575964751,Shayna Bruhnsen,473,$13068.49,$2525.30,$405.47,$308.57,,true
2479043304,Lulita Cremen,1,$10481.39,$4720.10,$295.18,$155.33,,false
1711255874,Base Cowtherd,60,$12248.02,$2749.30,$348.21,$77.68,,true
9966122060,Lorens Batsford,39192,$4670.03,$4470.93,$227.00,$157.64,,true
1083339389,Briana Capponer,7,$7906.10,,$152.12,$125.28,,true
5856253493,Micky Cowser,484,$12647.86,$2554.58,$585.25,$218.12,false,true
5107159508,Penny Moorwood,21640,$7485.62,$4982.68,$206.52,$179.48,false,true
3800151197,Babette Cockram,32875,$14655.83,$4607.11,$215.77,$91.14,,true
1719734089,Merill Elmhurst,5383,$7458.79,,$331.73,$66.61,false,true
5813777032,Maryl Lamps,85255,$14124.30,$1600.35,$410.26,$78.40,false,false
0958646872,Yevette McGuigan,1,$11025.63,$2318.67,$413.44,$281.46,,true
8767054323,Tiphanie Costock,8,$8351.61,,$159.71,$38.72,,false
3207003079,Rafe Ludye,14,$6359.65,$2970.14,$399.65,$29.16,,false
7386196326,Ambros Winsor,4956,$10520.82,$1341.35,$419.99,$123.64,,true
2686353422,Storm Gatman,62,$12232.43,,$403.67,$105.30,,false
9915004524,Balduin Gillan,6118,$4292.83,,$417.33,$268.17,,true
6907178087,Adolphe De Few,41676,$7739.56,,$343.96,$391.26,,true
7533185641,Carolyne Boorman,8,$10513.93,$1726.69,$574.86,$159.91,,true
5638135081,Happy Beidebeke,2,$6057.19,$675.62,$463.33,$126.45,true,true
0712493115,Natty Folcarelli,2,$13552.31,,$194.26,$304.40,,true
5737857778,Dillie Fortune,7639,$8748.98,$4119.74,$353.46,$86.76,false,true
2379099820,Rey Peplaw,3700,$11715.61,$3873.92,$383.19,$319.95,true,false
8133990394,Shepherd Ellaman,471,$9060.06,$1603.77,$391.92,$252.09,,true
2116344212,Di Deroche,3,$9620.39,$1742.89,$563.46,$369.06,true,false
2146367784,Trixie Pietzke,25,$5987.06,$710.44,$327.36,$181.62,false,false
2741907382,Lancelot McTerry,3571,$10794.79,,$463.48,$31.21,,false
0051124920,Brandi Dabinett,9480,$8346.86,$1853.80,$567.61,$299.27,false,true
4936399043,Courtney Hartnup,52409,$4516.98,,$409.89,$155.31,true,false
4582391176,Bernardina Rolfe,08407,$12483.43,$2593.23,$510.49,$254.98,false,false
2166599346,Yolande Byrkmyr,026,$11334.43,$1298.61,$436.74,$343.97,,true
8807650215,Averell Raatz,432,$10415.45,,$423.23,$174.66,,false
3220164013,Trudey Broddle,40685,$8407.28,$2388.44,$364.04,$296.66,,true
8658825825,Phaedra Glew,676,$5270.27,,$444.22,$25.24,true,false
4821803577,Henry Oman,23,$12810.79,$921.91,$545.00,$317.15,,false
3077923432,Inglebert Romanini,293,$6283.22,$2023.80,$341.71,$42.83,false,false
4876933499,Maria Rangle,5,$3868.61,,$559.18,$311.65,,false
9501707830,Peterus Cohrs,4,$12070.19,$3609.37,$466.28,$87.96,false,true
4592575539,Libbie Gumn,59839,$7433.86,$1545.18,$504.68,$55.49,,true
6703371784,Mildred McPhillips,70,$13317.03,,$285.44,$344.08,true,false
7676680603,Kenn Stoves,5060,$13354.11,$2029.84,$360.51,$362.80,,false
8937312166,Cindra Paten,914,$11837.52,$1995.80,$450.12,$344.73,,true
2725594324,Kristin Giacobbo,8,$12873.50,$917.81,$417.57,$388.60,,true
9431001721,Stacee Sprake,28,$5160.02,$3249.37,$352.54,$146.92,,false
5143864011,Jenny Dive,5,$3354.83,$2554.81,$496.30,$387.33,,false
0125751125,Teirtza Kunzelmann,995,$5171.75,$3527.80,$504.55,$326.49,,true
7248620106,Stewart Fane,083,$13361.12,$2150.90,$501.53,$378.54,,true
5573492713,Tadeo Goney,723,$9752.57,$850.53,$153.05,$151.37,,false
7181580604,Octavius O'Collopy,408,$4081.52,$4799.47,$388.63,$323.17,,true
1973138190,Geordie Hoyer,81758,$13066.42,$958.18,$322.74,$225.73,false,false
0987580620,Marrilee Grundle,17524,$5839.14,$3208.44,$238.04,$47.78,,true
1729739997,Con Champley,3,$6935.91,$3208.59,$329.55,$20.45,,true
4473426467,Trixie Zanetto,30068,$8972.64,,$250.99,$26.75,,true
5007587303,Archibaldo Mose,1736,$3892.61,$2842.65,$151.74,$398.68,,false
4875396619,Jodie Scutchings,13077,$11980.87,,$197.37,$376.88,,true
8482927825,Finn Lennard,146,$11240.40,$2189.88,$258.49,$390.92,,true
4704083349,Zachary Forre,0957,$10957.84,,$575.99,$70.61,true,true
8489417040,Ugo Flockhart,3051,$14167.41,,$385.70,$32.54,false,false
6180800820,Donnie Joyner,92354,$4698.30,$3811.17,$389.97,$363.39,,true
1127194623,Andie Bordes,07145,$5658.01,$3376.18,$338.81,$231.16,,false
1087189519,Tris Finch,94,$8433.61,$4946.68,$510.94,$160.52,,false
5448939783,Amara Sloy,308,$11721.25,$3681.45,$521.59,$236.16,,true
1336573813,Arlie Bowart,3801,$6640.34,$2614.16,$413.83,$22.38,,true
0179986783,Yetty Ashelford,6985,$14152.85,$1006.02,$537.18,$253.30,true,true
9537496872,Cathyleen Sivil,105,$8923.69,$946.39,$363.40,$369.83,false,true
3509576292,Shirline Gibbins,148,$9709.71,$2130.10,$285.24,$102.85,,false
0051942682,Kirsti Danell,6,$13451.81,$2891.17,$452.71,$209.55,false,true
3600647377,Jasen Roycraft,3868,$12062.59,$3557.05,$262.93,$87.09,,true
9419321940,Christal Izchaki,30148,$6367.05,,$462.49,$144.56,,false
1417566167,Simon Estrella,4876,$6132.55,$1694.84,$342.21,$285.59,,false
3790038814,Sergei Joblin,7657,$7419.64,$3892.55,$448.23,$386.47,,true
5579059329,Katharyn Ainslee,79916,$14555.48,$2563.65,$303.84,$201.33,,false
6920799588,Tamara Proudman,097,$5951.88,,$554.83,$245.10,true,false
5841346113,Biddy Lugard,3126,$6575.98,,$381.02,$86.75,true,true
1174396601,Kendricks O' Hanvey,30,$10652.62,$4109.81,$195.24,$171.07,,true
7463674525,Jdavie Blaschek,441,$8026.83,$1901.90,$505.16,$313.88,,false
6309178695,Arel Cona,5746,$4522.72,$999.98,$497.80,$24.74,,true
5853059564,Dino Maben,62998,$5495.10,$2077.73,$452.17,$211.53,,true
8634122190,Danita Grimley,3460,$10270.12,,$180.16,$344.66,false,false
9089997563,Magdalen Trematick,5694,$13465.68,$742.80,$404.02,$203.60,,true
5461092810,Consalve Guillond,219,$14004.43,$1600.26,$286.31,$199.33,false,false
8862346077,Alex Coutts,05019,$14707.45,$754.87,$223.14,$322.90,,true
1966788452,Reinald Hintzer,62160,$11855.35,,$437.10,$139.53,,true
4159808409,Madlin Maskrey,66391,$10828.33,$3558.50,$493.52,$88.81,,true
1110846592,Bucky Szabo,86,$11611.88,$4075.16,$298.77,$272.96,,false
9747846217,Melony Gregorace,2,$10538.45,$753.51,$448.50,$70.81,,false
7158469417,Rudy Matisse,1,$8066.13,$2899.30,$198.37,$54.35,,true
4469714682,Gavin Knoton,564,$13813.91,$4304.80,$444.32,$101.42,,false
5617845357,Debi Janman,3,$4663.66,$4424.13,$550.68,$133.13,,false
0790614049,Janos McFee,2920,$10429.40,,$468.34,$225.11,,false
6339531989,Isidor Gianelli,1767,$12192.33,,$180.41,$249.50,false,false
0543316181,Barney Paler,9018,$5444.76,$3423.89,$380.18,$210.10,,true
1709859725,Janetta Taylorson,2,$4050.04,$1734.35,$545.69,$103.86,true,false
3062929065,Sashenka Durrad,23,$7237.57,$4747.05,$243.29,$169.64,,true
1107545838,Dian Seargeant,6,$12408.80,$3757.88,$382.99,$296.98,,false
9461756291,Brigg Poznan,1,$7906.49,$2644.84,$325.79,$218.48,true,false
1159306729,Kimmi Tibald,5189,$10418.33,$2777.43,$329.82,$305.62,,true
4047304255,Johnna Hinkley,4,$5079.63,,$368.76,$290.26,,true
1681359162,Cloe Reddy,196,$13281.56,$891.93,$520.15,$298.46,,true
0392127725,Thayne Banfill,67,$14255.57,$4953.62,$492.82,$138.73,,true
0392972581,Patin Truett,81,$8758.88,$3967.65,$353.41,$277.08,,true
9049826342,Ted Winstone,76492,$3042.18,,$507.39,$145.97,,false
8165039776,Sarette Smallpeice,96141,$6419.99,$1148.32,$502.08,$318.24,,true
8099000501,Aleece Heiner,2,$8541.82,,$158.60,$298.25,false,true
1389711749,Kathlin Paye,7,$10605.15,$1647.61,$554.06,$33.03,,true
8398855967,Gabbie Jobin,617,$10691.02,$1786.08,$460.35,$330.08,,true
6250826602,Grange Durtnall,25,$6696.68,$1136.84,$404.88,$70.34,,false
1766649599,Patty Batiste,979,$3114.73,$3939.37,$545.28,$116.79,,true
1568177879,Frayda Landor,7801,$4175.41,$1375.59,$179.19,$302.20,false,false
1101500662,Dore Benoey,87652,$14894.59,$1242.58,$175.41,$165.29,,false
9296281024,Alyosha Condon,6,$8695.51,$2223.82,$599.98,$136.91,,true
8646562247,Bill Jendrys,90,$3005.89,,$449.24,$366.00,,false
7148146992,Laurens Witherby,8776,$6968.79,$2954.68,$517.65,$128.30,false,false
6024955022,Goran Pepperell,9,$5591.93,$4792.84,$442.84,$264.60,,false
6984039967,Olivero Frankish,36415,$6797.56,$649.69,$389.99,$128.98,,false
5379422845,Vladimir Moseley,5,$12426.67,,$535.26,$27.51,true,true
5946622870,Lauri Lyddiard,24,$4124.13,$1538.57,$199.00,$362.70,,false
5660258972,Iorgo Scamadine,73,$13662.82,$3531.86,$184.50,$49.22,true,true
8063621360,Maggee Pottage,51,$6942.45,,$519.41,$129.86,true,false
8372836213,Cyrillus Jenoure,71,$7574.36,$4866.60,$596.59,$162.43,,false
7491755224,Orella Easun,4693,$10556.06,$2468.26,$280.79,$349.08,,false
2177265800,Lexie Twycross,09360,$4360.38,$3852.20,$580.78,$177.53,,true
9736407152,Jacques Lung,883,$6889.24,$2966.90,$341.19,$142.14,,true
3904747142,Fields Cosslett,4873,$11715.02,,$219.13,$229.15,,true
6383205536,Rudie Shord,088,$3029.85,$1403.60,$571.46,$172.60,,true
9714973287,Melody Hoxey,97292,$7156.32,$2054.19,$281.43,$183.38,,false
6713288219,Benedetta Vsanelli,6308,$3652.31,$824.62,$356.58,$329.47,true,false
3279453011,Paul Seifenmacher,7604,$5898.26,$1530.03,$264.78,$306.71,,true
3149408237,Colline Horley,762,$5092.89,$4771.51,$168.41,$230.82,,false
6873363405,Hannie Hevey,53957,$4866.02,,$290.84,$91.18,false,false
7918099664,Joete Costar,72,$11299.29,$1215.77,$305.57,$380.90,false,true
6570702661,Rick Poncet,0,$4461.81,,$226.52,$358.03,,true
4224669021,Hollie Markovich,17,$4459.28,,$571.92,$150.49,false,false
9103537064,Mariele Poulney,9,$9260.99,$4019.09,$487.78,$312.16,true,false
3824251264,Tana Dockwray,4158,$9227.99,$2849.84,$419.43,$134.35,,false
5138909819,Shae Swancock,6161,$10771.60,$3927.10,$242.30,$189.70,true,false
0432993649,Vitoria Duckerin,634,$12756.35,$2595.85,$244.33,$147.34,,true
8718254365,Vince Ferrero,1,$9779.41,$858.15,$264.80,$116.70,,true
6229468298,Brunhilde Childerley,142,$7463.03,$1230.47,$314.17,$284.76,true,true
3561053076,Benedict Neligan,60,$13799.05,$1821.53,$365.68,$363.54,false,true
6508919717,Keane Gebbie,42029,$14784.33,$4446.06,$171.64,$133.60,,false
6876397475,Janis Yard,5,$8660.51,$4198.63,$210.49,$96.21,false,false
0805668640,Sada Liepins,4951,$12399.67,$3429.52,$471.33,$336.54,,true
9891358607,Humfrey Wysome,627,$3677.17,,$232.13,$200.87,,true
5638768661,Yehudit Fluin,239,$13924.42,$3605.12,$518.22,$192.94,,true
1376780321,Claudie Cussins,41,$9572.92,$3699.95,$344.38,$241.06,,false
6472602476,Una Egan,923,$5539.92,,$365.95,$164.09,,false
9078897422,Pierre Maus,95657,$12360.64,$2258.38,$543.87,$76.47,true,true
4097194577,Fabe Escolme,155,$8026.61,$1871.59,$404.78,$283.53,false,false
1199865435,Maggie Abrehart,8714,$14530.00,$1518.41,$316.34,$160.69,,true
2648882677,Marsh Enstone,078,$5142.63,$3742.11,$337.29,$200.43,,true
6831694276,Vyky Sappson,32,$11367.72,,$541.60,$342.38,,true
0769635407,Stephanus Thomke,13485,$14304.69,$1441.36,$476.01,$72.55,,true
2069731731,Dario D'Alesio,2,$3385.84,$886.77,$575.22,$327.39,,true
8097944804,Arlen Flaubert,6,$8509.44,$4996.04,$483.91,$216.00,true,true
5885714746,Harmon Lees,204,$6699.66,$4688.74,$302.51,$196.41,true,false
7871200240,Bess Trewin,48,$6690.38,$3886.72,$333.72,$154.38,,false
0855340355,Peg Klesse,44,$12008.48,$1227.46,$543.00,$389.12,,false
1758191899,Babb Mohammad,30,$14430.80,$4831.28,$524.14,$122.92,,false
6612715987,Isabel Pordal,74460,$12061.11,$1374.87,$421.12,$133.30,,false
5417858935,Boy Gonnely,66,$11592.89,,$522.10,$183.17,true,false
2612498826,Reed Bottell,11,$13448.01,$4691.26,$506.86,$148.73,,true
3696191833,Davie Pavett,86176,$8848.86,,$293.79,$114.99,false,false
8749592270,Osbourn Rubenov,4,$10276.52,$4858.84,$464.37,$117.85,,false
5669658701,Alyda Blodg,24,$8369.94,,$509.14,$355.18,,false
5190633268,Mirabelle Labram,1,$8108.04,$3222.81,$243.72,$387.71,true,false
1667893262,Novelia Sarah,47,$10322.06,,$225.31,$120.88,true,true
3501842848,Antonino Molloy,01,$10703.26,,$390.98,$209.00,true,true
5171844615,Delcina Preble,811,$6813.67,$3596.47,$452.11,$345.56,,false
7518676001,Josee Trevithick,1659,$8943.56,$2713.84,$369.35,$284.42,,true
2576149960,Lorelle Radborne,8791,$9390.94,$3118.25,$577.13,$112.51,,true
3829474431,Butch Armatys,78,$5611.06,$2460.32,$378.16,$189.04,,true
3155930942,Tobie Delacour,0,$6918.31,,$427.96,$102.00,false,false
2151304574,Callie MacElroy,5,$13965.28,$1817.73,$514.65,$328.32,,true
0702229539,Laurene Nicklin,6,$3945.41,$3284.69,$505.26,$29.39,,false
4636852397,Mohammed Fontanet,85,$5769.75,$1850.08,$445.38,$241.36,true,true
3313285090,Lovell Garvagh,33299,$12328.09,$1846.99,$507.74,$25.41,,false
7466961525,Clea Pruce,900,$3443.73,$2872.48,$407.10,$229.04,,false
2789100608,Corbett Lakenton,4413,$3755.45,,$480.51,$207.86,true,true
0109269586,Korry Hrachovec,37409,$3100.33,$1766.93,$551.37,$243.20,,false
6993319764,Lucila Samwyse,52,$12952.92,$4540.66,$295.71,$110.91,,true
9691807548,Goldia Brockett,924,$3097.29,$1038.07,$439.93,$29.22,,false
2835462740,Renado Feathers,847,$14232.47,$4974.30,$292.15,$305.33,,true
7569824512,Samuele Glaysher,0,$5009.46,,$203.81,$364.02,true,true
7202025442,Georgianne Hedderly,5,$5723.35,$1590.95,$564.25,$34.90,true,true
9999778895,Aubrie Saffrin,640,$5257.75,,$232.84,$190.24,,true
0043304869,Hank Sample,15,$12380.44,$809.58,$341.87,$107.85,true,true
6745532956,Celinka Lucey,1,$8905.97,$4928.87,$439.34,$392.94,,true
2790393656,Jane Vivash,140,$5187.54,$4687.66,$290.65,$229.11,,true
4412520692,Ramon Winchcomb,182,$8587.81,,$599.84,$46.60,,true
3750070962,Gardie Lutz,509,$6733.78,$1896.79,$379.28,$212.28,,false
0534196349,Cesya Huntall,0600,$4463.21,$1590.98,$268.70,$158.08,,false
5037624797,Alana MacCaffrey,8,$11035.66,,$282.37,$368.00,,false
5643993384,Reidar Macenzy,26340,$14668.48,$2477.17,$474.04,$340.80,,true
2588128513,Connie Garett,4763,$13052.82,,$257.31,$298.02,false,false
5504649544,Dee Watkiss,50,$6053.45,,$453.50,$85.04,,true
3363587473,Linn Siegertsz,84514,$5817.43,$2029.88,$180.80,$33.33,,true
1294619349,Antonetta Soppit,885,$14117.37,$4799.85,$252.79,$193.79,false,false
7372045029,Virginie Wisham,847,$9755.32,$4397.65,$156.74,$377.45,,false
6589591563,Danette Veltman,4,$14061.40,$2171.91,$307.08,$214.92,,true
1632182351,Donnie Cheake,749,$14741.08,$3778.63,$216.65,$272.85,,true
3394276216,Osbourne Delue,4,$10590.68,$4381.60,$319.65,$94.50,,true
5815826901,Carena Persent,94459,$11740.44,,$226.17,$159.88,,false
3225999512,Raul Eastlake,0,$11448.28,$2692.08,$570.33,$303.39,true,true
6522780496,Erastus Janks,01690,$9867.40,$643.62,$513.41,$181.06,,false
9072450388,Gweneth McCormack,8,$13028.79,$3606.57,$364.91,$321.35,,true
8399359882,Lyman Acedo,47316,$14197.83,$2135.20,$406.83,$48.45,,true
6696305041,Issi Restieaux,06200,$10068.32,$3240.26,$218.78,$218.59,,true
7875441129,Corena Haresnaip,73,$9895.29,$4143.29,$183.77,$93.81,,true
0378023292,Deane Godspede,07765,$5537.20,$3169.26,$343.66,$122.56,true,false
9633314070,Shaun Higgan,22,$13476.99,,$512.41,$389.40,false,false
3010899874,Weber Dodgson,0,$3979.22,$2211.93,$225.11,$113.84,,true
6951466602,Tammie Tumility,60,$13560.37,$1713.66,$560.88,$263.67,,true
5607437264,Kaja Hurton,535,$7033.27,$1661.06,$155.25,$51.52,,false
8258415638,Mata Scocroft,04702,$6618.20,$2579.05,$599.75,$43.92,,true
4811027345,Nicky Starrs,6525,$8145.45,$4325.31,$448.48,$208.01,false,false
8479707763,Imogene Lehenmann,73920,$13298.90,$3415.75,$526.77,$67.75,false,false
0736822313,Thacher Kenningham,6198,$11435.92,$3450.80,$180.05,$92.11,true,true
1701464446,Nona Cabotto,33,$10507.81,$3914.16,$385.96,$173.53,,true
7603448263,Kathryn Milborn,2,$8656.22,$3483.99,$460.50,$214.13,,false
3221355378,Aldridge Maase,020,$14209.17,$3816.32,$455.53,$195.62,,true
1664592334,Ilene Degoey,5137,$11178.42,$1010.22,$240.90,$340.08,,true
4567219953,Clotilda Cable,52258,$14291.18,$3679.59,$276.68,$250.00,true,true
1966450710,Rob Aldwich,67,$4414.90,$1442.11,$356.07,$328.44,,true
6800055131,Bertram Briskey,7984,$7410.96,$2629.85,$557.15,$112.91,false,true
7789278061,Keenan Heindrick,0,$13698.93,,$266.97,$152.37,,true
9194881588,Quintin Naughton,37,$10864.61,$2331.08,$588.51,$91.22,true,true
7754263645,Margareta Tootell,4,$4140.43,$3609.49,$469.47,$232.11,,false
4363860472,Gerick Wickins,2726,$14516.12,$3484.00,$486.18,$388.64,true,false
4062174715,Ardys Matveyev,41425,$6920.35,$2910.95,$305.46,$365.76,,false
5032511188,Iain Galtone,97693,$10221.22,$4433.84,$164.16,$371.10,,false
2957156520,Merry Denziloe,9647,$13011.49,,$507.86,$147.18,,false
8865613041,Ollie Slowgrave,061,$9685.54,$4753.51,$232.81,$356.47,false,false
8817255300,Cordell Dampney,8401,$3974.58,$1878.72,$535.07,$145.61,true,false
4186732663,Glyn Gammidge,5,$11358.26,$702.54,$309.01,$210.61,false,true
4121764870,Kinsley Yakubovics,74152,$10333.20,$1454.89,$170.19,$207.30,,false
4354333341,Jeralee Jobbins,5,$9657.28,$4342.19,$314.67,$47.47,,true
8733144842,Ewell Kolodziejski,98274,$10139.51,$3282.78,$350.50,$199.74,,true
6719897578,Hilliary Elnough,78022,$7950.95,$769.78,$223.67,$82.62,,true
3370251590,Otto Paddemore,5,$4746.38,$2631.56,$208.77,$45.02,,true
2218013231,Andreana Skakunas,67754,$4092.39,$733.70,$292.73,$43.93,,false
4266417985,Reinhold Domenicone,8921,$6955.32,$3265.16,$325.43,$245.71,,false
4145430689,Sandye Bachelor,0085,$3190.77,$4331.36,$396.42,$310.28,false,true
4078661262,Lucienne O'Mahoney,42,$4617.37,$4078.76,$441.48,$148.78,false,true
4403000800,Gilburt Spurrett,350,$5177.27,$4941.66,$432.62,$271.44,,true
6399082544,Cacilia Biernat,77,$7746.91,$683.99,$579.54,$56.60,false,false
0807294357,Kendricks Coners,789,$3974.19,$3536.10,$151.17,$188.90,,true
1827048107,Leicester Skunes,2,$8557.82,$3019.10,$433.26,$374.66,,true
5416181753,Rodolph Lundberg,05107,$8815.62,$855.28,$306.96,$264.00,,true
9089932712,Matthus Rippon,4329,$13731.10,$3073.87,$313.19,$205.61,,true
7799584327,Lita Tiuit,45,$10861.79,$926.94,$268.76,$320.28,,false
8167443965,Felike Meekins,513,$7790.10,,$514.35,$308.00,,false
3000802711,Shell Wrate,52759,$12704.03,,$208.28,$34.51,,true
3488508439,Leann Haldon,06,$13641.92,$2235.48,$569.72,$357.11,,true
8972446386,Marquita McKern,957,$3584.56,$3856.88,$260.99,$344.35,,true
5389421159,Zahara Bemrose,7,$14807.47,$4789.71,$584.81,$240.08,false,true
5330306957,Nico Drackford,4,$11643.96,$4280.19,$532.20,$75.21,,true
5627503920,Florri Tenman,2,$13134.06,,$543.28,$143.05,,false
6439958437,Ilario Jackson,263,$4511.88,$3759.09,$210.59,$286.42,,false
5169561466,Burty Ricciardello,452,$7767.42,,$295.35,$82.42,,false
2574458370,Cordelie Daveran,444,$10058.29,,$515.47,$137.00,,false
7429008437,Jacinthe Maffey,73,$13776.96,$803.73,$581.29,$117.45,,false
4268653880,Natka Tolan,8,$14671.24,,$198.86,$46.37,,false
2910946355,Rhett Meachem,3084,$11322.42,,$388.07,$99.14,,false
9327061217,Leland McMurdo,6,$10163.64,$2350.38,$348.93,$118.05,,false
1543354017,Linnie Reimers,7,$5795.06,$3913.31,$415.42,$97.53,false,true
4552015001,Charlene Lownie,6,$13518.09,$3278.81,$265.07,$32.97,,false
1761785648,Madel Deetch,1182,$9049.87,,$153.72,$328.44,,false
1325985821,Philippine Ebbage,4,$12218.41,$3222.20,$251.33,$79.84,,true
6798121608,Titos Pearcehouse,8,$10543.85,,$529.77,$381.64,,false
4709710589,Wildon Stalman,2791,$7234.56,$4176.64,$364.01,$32.38,,true
5249430481,Whitney Thomson,7,$14957.62,$4918.86,$563.49,$320.60,true,true
0918915392,Gaile Averall,83,$7445.75,$703.00,$329.68,$360.50,,false
8979553692,Sampson Kidston,55,$13434.65,$4072.07,$173.82,$322.26,,true
5793998969,Vitia Fessby,0,$5666.23,,$356.23,$321.77,,true
1317054938,Giselle Stonehewer,068,$3444.62,$3105.58,$297.56,$138.37,,true
7916938146,Ruprecht Tubb,9,$12578.28,,$178.93,$305.59,,false
7551224904,Orlan Baudry,0,$9921.18,,$551.33,$158.03,,false
1289733600,Christoffer Mallia,439,$10072.96,$1510.51,$590.43,$40.44,,false
2769859633,Alayne Mudle,072,$9901.11,$2167.73,$515.73,$272.80,,true
5816576399,Gun Maiden,3106,$5707.37,$3138.31,$502.40,$124.87,,false
2897306912,Levey Cartner,0502,$6651.35,$669.02,$428.53,$185.25,,true
0912878614,Christiano Dreinan,2,$6479.59,$1873.07,$372.59,$246.62,true,true
7356014467,Vanna Glasbey,199,$4546.88,,$363.93,$160.76,,false
2368552561,Ashleigh Hutchison,1883,$7482.61,$4494.27,$374.80,$278.82,,true
4752172917,Chrystel Comrie,1,$5020.19,$3663.76,$528.14,$45.97,,true
7660694510,Jefferey Cominoli,53,$5210.66,$3845.04,$536.74,$202.84,,false
0766029786,Ailey Cocking,3,$9069.24,$2955.11,$587.94,$315.27,false,true
8325559519,Derward Dudin,715,$14275.80,$628.10,$359.27,$304.63,,true
6301100212,Bobette Escoffier,44,$11941.25,$2500.44,$526.53,$130.02,,false
6810863303,Franky Strapp,2,$6669.11,$2202.78,$458.26,$291.44,,false
8017582595,Prentice Mitskevich,4,$9627.23,$1829.54,$307.26,$199.86,,true
1150258748,Randolf Moro,75786,$13397.80,$1920.78,$165.23,$132.13,true,true
4118437821,Karlie Martindale,4,$12263.14,,$490.74,$198.16,,false
3466930359,Thomas Dodd,79974,$3044.67,$4572.31,$264.37,$371.95,,false
3096402833,Aksel Cashman,4,$10503.37,$4299.88,$319.89,$170.54,,true
3223592490,Lurline Gaitley,06888,$14418.24,$742.87,$551.96,$103.88,,false
8614177208,Ashlee Spick,48546,$6819.91,$4281.06,$482.61,$131.47,,true
8124659931,Stephi Andriessen,489,$6801.68,$2378.21,$457.72,$89.24,,false
6345398152,Carr McCambrois,8,$8076.84,,$338.23,$277.44,,true
3728955000,Maggee Nurdin,268,$7217.03,$2270.28,$371.96,$140.24,,false
5439662464,Dolley Worner,112,$8501.97,,$503.31,$205.29,,true
7773496110,Ivor Cicullo,24,$8971.73,,$531.12,$252.95,,false
2352958776,Sella Esel,52,$9752.45,$2821.58,$457.91,$125.20,,false
2467984923,Valli Rider,643,$12479.49,$1883.70,$243.48,$38.46,,true
4130876120,Tedman Swire,197,$14892.51,$3902.67,$441.77,$23.36,,true
9738209021,Cassy Corkell,339,$11991.37,$3458.76,$469.40,$191.10,,false
4385883262,Felita Terrill,47361,$12223.87,$2115.22,$430.40,$124.59,,true
1268368326,Byran Boake,6,$10685.75,,$298.00,$394.84,,true
0848796675,Dyanne Raund,1681,$5291.98,$4545.59,$234.68,$146.76,,true
2302515994,Beverlee Janny,12731,$8384.80,$2385.72,$462.88,$294.79,false,false
1358510563,Keven Lewnden,93,$13345.48,$676.16,$538.33,$226.86,,false
2247441009,Linea Roostan,50,$14740.22,$4610.75,$556.03,$135.79,,false
7795224318,Caz Mansel,721,$7918.65,,$196.00,$260.82,,true
5864968013,Sabina Dallander,8065,$9653.23,$4017.43,$374.76,$181.86,,false
5756876588,Celle Dicte,617,$7186.55,,$334.84,$280.59,,false
8625296483,Cathe Blackbrough,08,$6733.20,$3324.23,$182.86,$305.56,true,false
3677268532,Othelia Krink,8,$8660.20,$4581.01,$276.83,$170.59,,true
7679766568,Donia Mougin,14509,$14799.85,$1624.40,$409.33,$395.94,false,false
2491972042,Christiane Faiers,229,$5049.76,,$475.61,$218.88,true,true
5628289728,Kipp Duell,03,$5963.82,$699.89,$457.87,$80.02,,false
5741801145,Essa Gebb,819,$6198.85,$3805.71,$499.57,$258.00,,true
5719657096,Ashli Roberson,37,$7650.87,$2029.58,$210.82,$20.17,,true
7273303364,Nataniel Bestar,7199,$12713.95,,$518.25,$45.66,true,false
7732728785,Britney Hiley,47,$4562.23,,$573.64,$374.35,,false
3887733010,Alyson Willgoss,7,$5986.00,$2838.22,$449.51,$340.39,,true
8689828265,Charlena Lanmeid,19,$10057.54,$2657.34,$316.50,$205.65,,true
7344815060,Celesta Browning,041,$6555.09,,$558.20,$255.44,,true
0428058663,Filide Redgrave,766,$10998.53,$4202.64,$390.83,$206.49,,true
2867091543,Gregory Chazette,300,$4929.67,$4903.56,$199.49,$209.11,false,false
7276502325,Bari Knell,42154,$13556.93,,$189.17,$380.30,,true
8937552612,Dita Priddie,91857,$3160.77,$1784.57,$346.62,$308.62,,false
5218815934,Michal Teaze,92293,$10016.47,$3645.04,$348.71,$61.15,,true
5694608208,Iggy Masters,0768,$7357.01,$3152.83,$171.57,$252.81,false,true
5142713044,Valina Clare,85089,$5494.36,$1692.94,$278.86,$52.63,false,true
3295120781,Fernando Bartholomieu,15,$11747.62,$3236.35,$505.20,$323.64,,false
3447190817,Rabbi Stephen,9844,$11457.25,$4819.65,$237.07,$143.47,,false
7423594717,Irena Donovan,3028,$12773.71,$2193.29,$343.85,$344.07,,true
2966929855,Malva Farnaby,8,$7813.18,$4507.17,$523.40,$165.47,false,true
4851806485,Grissel Mithun,38,$8760.40,$2908.95,$521.11,$331.92,false,true
2838626353,Joanne Pett,36,$14696.49,$3827.15,$320.26,$336.78,true,true
7805228531,Chrysa Soot,12822,$5976.71,$3699.44,$317.99,$89.27,,true
6900485987,Don Peete,889,$13653.23,$812.44,$570.83,$153.01,false,false
5628208671,Mohandas Skey,881,$8568.06,$4612.11,$535.01,$284.59,,true
1431018155,Edward Crossfield,357,$14661.16,$3823.05,$582.30,$331.57,,false
4322646689,Ramona Chidwick,7,$12104.28,$4929.88,$434.14,$116.36,,false
2247383904,Josh Laughlin,020,$3326.04,$1049.10,$162.57,$320.78,,true
9647165528,Dwayne Crosier,42454,$12845.00,$3019.22,$511.02,$158.41,,false
7670880457,Padget Groundwater,705,$5962.45,$3577.68,$187.54,$378.63,,false
0522383904,Waldo Critoph,0,$7832.96,$4922.62,$258.46,$124.04,,true
4037748975,Vernice Garvin,27,$3929.80,$4942.46,$406.11,$123.59,,false
2119305242,Shara Critzen,1940,$11224.22,$3415.81,$450.18,$171.09,,false
7603294940,Krystle Godwin,7842,$5256.78,$1565.34,$185.85,$79.71,,false
6408627765,Iosep Proschke,90,$6625.69,$4583.84,$355.17,$144.33,false,false
3229058747,Sunny Douche,62923,$8773.03,$2296.11,$565.90,$70.14,true,true
5064341385,Alejoa Rabley,56,$3845.49,$3658.01,$381.29,$180.56,,true
3861608839,Jarad Bendley,5,$6467.23,,$276.31,$174.41,,false
0671590200,Jannel Ruffli,060,$13022.12,$2778.47,$519.43,$378.49,,true
2412132151,Ingunna Le feuvre,6782,$10664.27,$2067.01,$410.56,$171.58,,false
2103892097,Bartlet Hawick,37550,$8548.40,,$300.59,$216.68,,false
3416132009,Saxe McCamish,68,$12500.82,$1714.91,$518.19,$61.48,,false
4520066883,Neron Goodee,07478,$4258.17,$4939.97,$511.74,$250.09,,false
3548441203,Jyoti Dilkes,54963,$13807.10,$1461.88,$193.15,$212.94,,false
3731043963,Meredeth Skouling,6,$4105.74,,$595.63,$224.68,,true
7948197303,Jayme Burg,40654,$5431.88,$4495.87,$565.75,$341.65,true,true
9340951786,Camile Elrick,4721,$7704.96,$3145.45,$543.61,$119.85,true,false
5661100205,Lia Vasyushkhin,499,$10067.23,$3164.11,$254.14,$309.96,,false
2829553594,Heddie Poure,37,$7610.29,,$543.26,$80.98,false,true
6749855962,Fara Crannach,0,$12173.62,$2444.94,$496.43,$231.08,,false
9106943829,Carr Maultby,6431,$10985.71,$1818.03,$318.54,$261.76,false,true
9931005939,Deedee Sixsmith,39938,$6724.80,$1248.31,$365.69,$314.02,false,true
8108766680,Mayne Bick,7,$6318.23,$4737.51,$357.24,$393.58,,true
7699223497,Kylynn Ricoald,64,$12385.58,$4646.93,$214.52,$306.69,,true
6555767774,Brandais Sisson,3103,$5982.32,,$501.74,$152.38,false,true
5033533533,Nils Rattray,56,$11131.46,$3980.84,$552.97,$167.78,,true
0079611540,Ekaterina Turvey,1,$10457.75,$852.06,$550.55,$35.10,true,true
5282068397,Mohammed Chuter,96,$3410.15,,$524.63,$278.18,,true
9922270137,Daniela Conrard,913,$8124.17,$4253.10,$577.09,$103.18,false,true
3558762231,Janel Semark,0,$11455.66,$2368.66,$331.90,$214.55,,true
5803889717,Georgiana Moseby,329,$10882.42,$2228.48,$596.42,$213.12,,false
9647299788,Matti Cobbledick,5,$8724.05,$2222.13,$259.89,$55.46,false,false
3450437275,Jenny Videneev,3218,$9566.72,$4029.08,$302.88,$227.72,true,false
6311985764,Thibaut De Coursey,2,$9642.65,$1453.97,$561.44,$332.55,false,false
1915961866,Courtnay Hallawell,11239,$10147.27,$1248.38,$159.96,$349.66,,true
2379733228,Sandy Larderot,9875,$8567.26,$4260.51,$473.40,$297.84,,true
6529263195,Oneida Troppmann,088,$12831.82,,$270.00,$252.14,true,false
2117696988,Giustino Killeley,00932,$11796.64,$2690.17,$297.74,$65.18,,true
1237214645,Brittani Haggerston,0412,$14811.91,$1809.11,$360.29,$163.24,,true
6243391981,Darnall Jermyn,29868,$11203.85,$2421.96,$377.53,$25.35,,false
0341168696,Giacinta Haspineall,50160,$13114.13,$4982.50,$152.18,$236.07,,false
2782864866,Budd Janney,9933,$6062.52,$2306.31,$479.93,$360.08,,true
3426563746,Giulio Wartnaby,99,$3793.08,$1973.10,$185.57,$62.41,,true
0672193663,Tybalt Pauncefoot,803,$6903.81,$2345.73,$538.24,$232.48,,true
2247595960,Joeann Balleine,71,$4749.88,$2551.09,$400.96,$137.01,,true
0919284973,Ginni Grainge,4,$9750.31,,$163.99,$291.42,,false
4758161178,Pammie Levett,7,$3087.83,,$371.23,$252.47,true,true
2111327271,Liza Hurworth,1205,$4337.98,$1782.75,$294.32,$131.91,false,false
7329488569,Bordie Zumbusch,591,$10928.05,$4985.12,$301.44,$97.50,false,true
8097645742,Babette Herety,0176,$6320.42,$3065.67,$463.61,$54.22,false,false
4238250907,Diarmid Bruckental,432,$13996.10,$3879.61,$541.42,$128.20,,false
9581979506,Rey O'Dwyer,8851,$13165.18,$1846.07,$154.63,$96.39,,false
9475768769,Gregorius Devigne,8,$14345.52,,$269.41,$347.54,,true
0946922241,Phyllys Garwell,74,$8066.18,,$561.82,$371.71,,true
4569728138,Inglebert Aleksic,00,$3791.10,$2184.75,$252.27,$313.47,false,false
9491866206,Stewart Gater,56227,$5743.66,,$496.68,$199.60,,false
5184267433,Gaye Roo,5683,$8772.27,$4577.23,$596.58,$120.64,,false
3860179772,Morry Moreman,5,$3465.17,$4312.56,$239.76,$353.46,false,false
7266156211,Leon Kirley,9,$13725.05,,$370.25,$289.51,false,false
2796469913,Mac Penkman,0051,$9449.20,$3225.93,$323.47,$290.94,,true
3365118470,Jamaal Tafani,8759,$10426.62,$4129.50,$247.55,$203.61,,false
2466783096,Leigha MacCambridge,8844,$4826.02,$1675.47,$441.82,$46.49,,false
5087235484,Traver Skinn,0687,$6661.37,$2775.87,$368.00,$175.05,,true
4370757363,Marsiella Cratchley,90,$6144.62,$4605.41,$398.39,$187.72,,true
0797471375,Murry Stonelake,04592,$9187.16,,$528.70,$350.00,,true
4004121140,Millie Ingram,06216,$11223.92,$2535.57,$453.43,$393.06,,true
4235064436,Joana Gozzard,5,$5828.57,$898.41,$336.25,$270.51,true,false
6790667253,Teodorico Iley,47,$5706.69,$2258.09,$484.97,$291.58,false,false
0720441544,Geri Measor,79,$7999.02,$2233.36,$175.82,$177.47,true,true
8816296720,Dukey Sterricks,1805,$8344.36,$2136.03,$461.01,$323.56,,true
5056228079,Rosemonde Wormleighton,44,$12122.21,,$572.44,$353.74,true,false
6439025651,Dominick Yurenin,44,$9687.34,$4080.03,$187.50,$258.61,,true
8811078520,Britni McLauchlin,0951,$12309.99,$2770.92,$353.33,$160.33,,true
3524952046,Gisela Diviny,90,$12637.82,$3194.56,$299.36,$221.02,,false
0320602222,Rosene Keppel,9,$12939.54,$3560.40,$420.74,$313.70,false,true
0123704820,Jaquelin Moncarr,970,$13699.52,$1798.78,$184.88,$336.52,,false
0130329916,Walsh Crilley,05,$11669.25,$2575.98,$262.00,$30.06,false,false
1718033524,Yolande Andrioni,44,$12528.08,$1701.91,$274.24,$72.29,,true
8478177612,Gustavo Verduin,6,$3160.67,$690.72,$432.63,$184.37,false,true
0939555670,Patience McKevany,9608,$10391.97,$3976.01,$344.46,$307.90,,true
9920856266,Rodi Nurny,8,$13053.39,$4052.86,$391.62,$255.26,,false
7688711614,Bradford Davinet,81,$14238.74,,$328.21,$42.86,,false
2476436259,Neil Hethron,534,$6330.15,$3132.43,$567.23,$115.21,,false
8479359315,Martita Osgorby,64814,$3888.16,$2770.25,$487.92,$310.90,,false
1085940462,Suzanna Gosdin,925,$3892.23,$673.92,$523.96,$310.94,,false
8583174954,Franciska Caltun,1814,$14426.04,$2482.38,$502.79,$71.68,,false
0340996358,Jacky Fuggle,20057,$3789.52,$1532.04,$399.70,$221.19,true,true
4499471109,Tonye Sommerlie,0557,$7758.25,$915.31,$552.43,$207.74,false,true
7365940778,Christabel Ennor,142,$5286.78,$3195.15,$248.87,$339.67,,false
8544597343,Grant Ferres,272,$12864.47,$4254.14,$248.61,$180.60,,false
9861129413,Fonz Milliere,71,$14297.61,$2327.99,$383.11,$227.26,,false
1594300305,Gracie Snuggs,27685,$9384.89,$2406.12,$394.41,$78.57,,false
2085713955,Evey Burnham,89,$4222.26,$1284.41,$231.05,$267.83,false,true
7586846146,Joachim Newell,27,$10833.30,$3294.74,$164.32,$386.96,,true
0159859603,Linc Heinssen,7690,$11290.26,,$596.74,$279.12,false,true
0635286130,Gianni Michel,30,$4810.95,$4725.44,$397.08,$384.14,,false
1395166307,Karl Gheorghescu,8044,$12282.14,$3534.14,$447.02,$342.96,,false
1318621275,Debra Riby,99104,$9767.91,$3140.11,$448.80,$133.23,,false
1421785293,Odetta Degli Abbati,16,$9975.04,$3575.34,$454.35,$214.29,,false
2689744996,Kalli Storks,741,$5019.86,$3884.22,$404.92,$390.59,,true
2362568407,Cristin Mathet,583,$9636.55,,$359.91,$170.99,,false
0658883348,Fiorenze Jeschner,7951,$3121.11,$2500.37,$304.06,$42.01,true,true
4890924876,Kendall Keford,7,$14661.89,$4582.04,$574.14,$86.79,false,true
3942734575,Aubert Mullaly,762,$7117.50,$3495.04,$319.11,$386.90,,false
7115946019,Brett Cornelis,6,$7706.65,,$154.22,$55.70,,true
2545363952,Egan Landrick,7310,$6678.84,$3156.12,$285.00,$149.88,false,false
6229640759,Corabelle Jira,7,$7553.45,$1777.22,$291.50,$175.39,,true
0572550855,Alys Oldknow,1715,$7927.41,,$488.36,$153.77,,false
6181879560,Dell Jaquin,966,$12379.51,$1397.48,$285.90,$305.08,,true
5008718355,Miriam Kaufman,7,$3969.64,$4830.43,$183.93,$319.78,true,false
1623013380,Andrei Caillou,42,$14846.45,$4410.38,$553.94,$200.29,true,true
6806970982,Tarrance Yeell,22,$5088.08,,$506.79,$144.17,,false
2771892588,Myrilla Hansmann,7235,$3483.47,$1064.89,$415.36,$294.00,,true
6170368942,Nathanil Smurfit,9,$13410.26,,$251.09,$277.75,,false
3241448797,Alisun Mowsley,4,$8519.18,$3973.29,$581.84,$187.81,false,false
0781925975,Morganica Bisseker,7,$13909.45,$3979.69,$388.40,$260.77,,false
8828357630,Mick Itzhaki,17,$5656.28,$2946.53,$525.57,$235.25,,true
1339722607,Delphinia Coleson,4865,$5477.58,$1634.08,$400.89,$45.00,,false
9420338398,Jules Pinner,15,$5265.37,,$374.09,$203.87,,true
2581148411,Alf Silcock,8676,$3615.82,$979.92,$487.82,$72.82,,false
4813041558,Tripp Doerr,7544,$3143.54,$3115.47,$402.99,$134.80,,false
6028907731,Alena Salzberger,9890,$12295.27,$1836.33,$472.63,$247.91,,false
2794060929,Robbin Bondy,7502,$11708.35,$2346.68,$254.44,$55.13,,false
6894345120,Maggy Thirkettle,0810,$10436.38,$4481.30,$549.38,$345.20,true,false
4979225497,Nita Sabati,1,$12396.40,$993.57,$196.83,$76.58,,true
4740031140,Delmar O'Grogane,6724,$8780.65,$4828.20,$574.21,$336.86,,true
1654673099,Bab Sutterfield,25190,$5668.59,$1446.02,$408.26,$228.62,,true
6991893706,Rozelle Mowne,15872,$10641.19,,$241.57,$25.29,,true
8685047366,Karita Babber,8,$6271.35,$3724.42,$189.82,$126.44,false,true
9261169201,Lorri Skirvane,0412,$6466.85,$3792.85,$226.53,$347.95,,true
4986446061,Gabie Carnihan,16,$12958.85,$1723.69,$365.87,$381.54,,false
1427764026,Bambie Brennen,7761,$3230.10,,$455.15,$396.67,false,true
5665094102,Matthus Blunsom,37436,$11961.47,,$339.40,$357.70,,false
4992061079,Bekki Chopin,60,$13231.43,$1394.55,$257.75,$229.79,,false
5866578204,Lily Di Baudi,0,$3276.00,$1757.42,$434.61,$52.41,,false
2977328572,Linn Dmitriev,4,$5219.46,$3441.85,$170.27,$217.38,,false
6972077214,Farly Rheam,51026,$13114.18,$2631.67,$556.56,$30.42,,true
7349792530,Eugine Lowis,528,$9704.47,$2093.99,$502.23,$308.30,,true
1664854576,Jandy Piggot,99,$5083.74,$3171.80,$414.92,$172.96,,false
0334190320,Myrtle Prewer,8,$11666.33,$1020.48,$216.47,$77.29,,false
5717524145,Rozele MacVay,04341,$9514.12,$1140.75,$497.21,$91.71,,false
5441516607,Silvie Lafrentz,5286,$13618.79,$3909.37,$177.89,$390.34,,true
4125711542,Derrik Endley,523,$8658.12,$1466.88,$500.02,$90.56,false,true
8870523039,Leonidas Sheeres,67263,$10844.90,$2542.16,$446.61,$119.16,,true
3284933492,Gerek Gurys,1313,$12003.55,$4288.19,$485.50,$104.08,false,true
8329197921,Erik Sikorski,9,$11964.30,$1829.42,$451.99,$216.46,,true
6876794768,Thacher Dullard,0676,$5651.45,,$554.76,$242.57,true,true
9980120967,Consuela Hendricks,561,$7151.64,$3842.71,$240.19,$80.05,,false
4290807801,Sheppard Okenfold,42696,$14229.01,$3697.13,$336.57,$226.33,,true
6749412203,Griselda Culvey,494,$8130.10,$721.45,$298.90,$36.37,,false
3346050920,Alonso Bruhnicke,72,$6195.45,,$165.02,$162.65,,false
0101239564,Karim Curtiss,36516,$4431.23,$4090.09,$508.74,$166.43,true,false
9986331153,Evvie Duester,87203,$3218.62,$4680.09,$277.28,$265.25,,false
2662008784,Lodovico Sailes,0422,$3008.83,$2022.29,$228.44,$288.00,,true
1811872654,Pasquale Dorkins,6,$12364.74,$4073.07,$508.11,$336.43,,true
6344682159,Josias Pashenkov,7,$13535.83,$4099.80,$333.57,$164.30,true,true
9712207811,Nerissa Winscomb,5308,$12644.30,$1783.11,$393.03,$398.25,true,true
1272812545,Carter Kneller,2,$9674.07,,$219.70,$113.90,true,false
7233710015,Kore Ferrarin,97,$11388.91,$682.03,$337.71,$371.17,,true
9378507514,Farlay Bathoe,8246,$12161.24,$2759.20,$265.18,$364.04,,false
3883827894,Netti Charopen,1,$3216.09,$3070.14,$196.28,$207.88,false,true
